"raw_tag","canonical"
"Health Care","Health Care"
"Healthcare","Health Care"
"Health","Health Care"
"Access to Affordable Healthcare","Health Care"
"Healthcare & Public Health","Health Care;Public Health"
"Lower Costs","Economy & Jobs"
"Providing Quality, Affordable Health Care","Health Care"
"Health Care & Seniors","Health Care;Seniors & Retirement"
"Education","Education"
"CTE","Education"
"Education and Opportunity","Education"
"Empowering Children to Succeed","Education;Children & Families"
"Education & Workforce Training","Education;Labor & Workers"
"Education and Workforce","Education;Labor & Workers"
"Education and Workforce Development","Education;Labor & Workers"
"Education & Workforce Development","Education;Labor & Workers"
"Committee on Education and Workforce","Education;Labor & Workers"
"Veterans","Veterans"
"Supporting Veterans","Veterans"
"Caring for Veterans","Veterans"
"Veterans Affairs","Veterans"
"Veterans' Affairs","Veterans"
"Veterans Issues","Veterans"
"Veterans and Servicemembers","Veterans"
"Veterans & Military Families","Veterans;Defense & National Security"
"Military and Veterans","Veterans;Defense & National Security"
"Military & Veterans","Veterans;Defense & National Security"
"National Security & Veterans","Defense & National Security;Veterans"
"Agriculture","Agriculture"
"Food and Agriculture","Agriculture"
"Agriculture and Food","Agriculture"
"Agriculture & Rural Development","Agriculture"
"Farmers","Agriculture"
"Natural Resources and Rural Development","Agriculture;Environment & Climate"
"Immigration","Immigration & Border"
"Immigration Reform","Immigration & Border"
"Border Security","Immigration & Border"
"Border Security and Immigration","Immigration & Border"
"Border Security & Immigration","Immigration & Border"
"Immigration & Border Security","Immigration & Border"
"Border & Homeland Security","Immigration & Border;Defense & National Security"
"Energy","Energy"
"Economy","Economy & Jobs"
"Jobs and the Economy","Economy & Jobs"
"Economy and Jobs","Economy & Jobs"
"Jobs & Economy","Economy & Jobs"
"Jobs & the Economy","Economy & Jobs"
"Jobs and Economy","Economy & Jobs"
"Economy & Jobs","Economy & Jobs"
"Jobs and Our Economy","Economy & Jobs"
"Jobs and Economic Development","Economy & Jobs"
"Economy/Jobs","Economy & Jobs"
"Economic Development","Economy & Jobs"
"Economic Prosperity","Economy & Jobs"
"Our Economy","Economy & Jobs"
"Jobs and Economic Growth","Economy & Jobs"
"Jobs","Economy & Jobs"
"Economy & Cost of Living","Economy & Jobs"
"Cost of Living","Economy & Jobs"
"Affordability","Economy & Jobs"
"Affordability and the Economy","Economy & Jobs"
"Growing a Strong Economy","Economy & Jobs"
"Trade and Economy","Trade;Economy & Jobs"
"Economy/Small Business","Economy & Jobs;Small Business"
"Economy & Small Business","Economy & Jobs;Small Business"
"Economy & Jobs (Small Business)","Economy & Jobs;Small Business"
"Economy, Jobs, & Small Businesses","Economy & Jobs;Small Business"
"Small Business, Jobs and the Economy","Small Business;Economy & Jobs"
"Jobs, Economy, and Small Business","Economy & Jobs;Small Business"
"Jobs, Manufacturing and Trade","Economy & Jobs;Trade"
"Jobs, Labor and the Economy","Economy & Jobs;Labor & Workers"
"Jobs, Labor & Entrepreneurship","Economy & Jobs;Labor & Workers"
"Standing Up For Working Families","Labor & Workers;Children & Families"
"Transportation and Infrastructure","Transportation & Infrastructure"
"Transportation","Transportation & Infrastructure"
"Transportation & Infrastructure","Transportation & Infrastructure"
"Infrastructure","Transportation & Infrastructure"
"Infrastructure & Transportation","Transportation & Infrastructure"
"Infrastructure and Transportation","Transportation & Infrastructure"
"Infrastructure & Public Works","Transportation & Infrastructure"
"Transportation Projects","Transportation & Infrastructure"
"Transportation, Infrastructure, And Housing","Transportation & Infrastructure;Housing"
"Water Infrastructure and Flood Protection","Transportation & Infrastructure;Disaster & Emergency"
"Foreign Affairs","Foreign Affairs"
"Foreign Policy","Foreign Affairs"
"Foreign Relations","Foreign Affairs"
"Foreign Affairs and Trade","Foreign Affairs;Trade"
"International Affairs and Canada","Foreign Affairs"
"National Security","Defense & National Security"
"Defense","Defense & National Security"
"National Defense","Defense & National Security"
"Defense & National Security","Defense & National Security"
"Defense and National Security","Defense & National Security"
"Defense/National Security","Defense & National Security"
"Homeland Security","Defense & National Security"
"Homeland Security And National Defense","Defense & National Security"
"Defending America","Defense & National Security"
"Peace through Strength","Defense & National Security"
"Military","Defense & National Security"
"Military and Servicemembers","Defense & National Security"
"Defense and Military","Defense & National Security"
"Defense & Military Families","Defense & National Security"
"Armed Services","Defense & National Security"
"Armed Forces & National Security","Defense & National Security"
"Intelligence","Defense & National Security"
"Cybersecurity","Defense & National Security;Technology & Broadband"
"Foreign Affairs & National Security","Foreign Affairs;Defense & National Security"
"Foreign Policy and National Security","Foreign Affairs;Defense & National Security"
"National Security and Foreign Policy","Defense & National Security;Foreign Affairs"
"National Security and Foreign Affairs","Defense & National Security;Foreign Affairs"
"National Security & Foreign Affairs","Defense & National Security;Foreign Affairs"
"National Security & Foreign Policy","Defense & National Security;Foreign Affairs"
"National Security And Foreign Policy","Defense & National Security;Foreign Affairs"
"Foreign Policy/National Security","Foreign Affairs;Defense & National Security"
"Defense and Foreign Affairs","Defense & National Security;Foreign Affairs"
"Foreign Affairs and Defense","Foreign Affairs;Defense & National Security"
"Foreign Affairs and National Security","Foreign Affairs;Defense & National Security"
"Defense, National Security & Foreign Affairs","Defense & National Security;Foreign Affairs"
"Supporting Ukraine","Foreign Affairs"
"Ukraine","Foreign Affairs"
"Israel","Foreign Affairs"
"Israel and Antisemitism","Foreign Affairs;Civil Rights & Equality"
"Israel & Combating Antisemitism","Foreign Affairs;Civil Rights & Equality"
"Cuba","Foreign Affairs"
"Haiti","Foreign Affairs"
"China","Foreign Affairs"
"Human Rights","Foreign Affairs;Civil Rights & Equality"
"Working Towards Peace in Israel and Palestine","Foreign Affairs"
"Environment","Environment & Climate"
"Climate Change","Environment & Climate"
"Climate","Environment & Climate"
"Climate Change & the Environment","Environment & Climate"
"Climate Change and the Environment","Environment & Climate"
"Environmental Conservation","Environment & Climate"
"Conservation","Environment & Climate"
"Tackling Climate Change","Environment & Climate"
"Fighting Climate Change","Environment & Climate"
"Our Planet","Environment & Climate"
"Curbing Fast Fashion Pollution","Environment & Climate"
"Protecting the Environment and Restoring the Great Lakes","Environment & Climate"
"Great Lakes and the Environment","Environment & Climate"
"Great Lakes Issues","Environment & Climate"
"Environment and Animals","Environment & Climate"
"Environment & Animal Welfare","Environment & Climate"
"Climate & Clean Energy","Environment & Climate;Energy"
"Energy and Environment","Energy;Environment & Climate"
"Energy & Environment","Energy;Environment & Climate"
"Energy And The Environment","Energy;Environment & Climate"
"Energy and the Environment","Energy;Environment & Climate"
"Energy And Environment","Energy;Environment & Climate"
"Environment and Energy","Environment & Climate;Energy"
"Environment & Energy","Environment & Climate;Energy"
"Energy & the Environment","Energy;Environment & Climate"
"Energy/Environment","Energy;Environment & Climate"
"Energy / Natural Resources","Energy;Environment & Climate"
"Energy and Natural Resources","Energy;Environment & Climate"
"Natural Resources","Environment & Climate"
"Natural Resources/Public Lands","Environment & Climate"
"Public Lands","Environment & Climate"
"Public Lands and Natural Resources","Environment & Climate"
"Colorado Lands","Environment & Climate"
"Water","Environment & Climate"
"Coastal","Environment & Climate"
"Second Amendment","Guns"
"2nd Amendment","Guns"
"Second Amendment Rights","Guns"
"Gun Violence Prevention","Guns"
"Gun Violence","Guns"
"Gun Reform","Guns"
"Preventing Gun Violence","Guns"
"Ending Gun Violence","Guns"
"Fighting for Abortion Access","Abortion & Reproductive Rights"
"Reproductive Freedom","Abortion & Reproductive Rights"
"Reproductive Rights","Abortion & Reproductive Rights"
"Protecting Life","Abortion & Reproductive Rights"
"Right to Life","Abortion & Reproductive Rights"
"Pro-Life","Abortion & Reproductive Rights"
"Pro Life","Abortion & Reproductive Rights"
"Women's Health Care","Abortion & Reproductive Rights;Health Care"
"Health Care and Reproductive Rights","Health Care;Abortion & Reproductive Rights"
"Civil Rights","Civil Rights & Equality"
"Equality","Civil Rights & Equality"
"Civil Rights and Liberties","Civil Rights & Equality"
"Civil Liberties","Civil Rights & Equality"
"Civil Rights and Equality","Civil Rights & Equality"
"Civil Rights and Social Justice","Civil Rights & Equality"
"Civil Rights & Justice","Civil Rights & Equality;Crime & Justice"
"Criminal Justice & Civil Rights","Crime & Justice;Civil Rights & Equality"
"Social Justice","Civil Rights & Equality"
"Addressing Racial Injustice","Civil Rights & Equality"
"Voting","Civil Rights & Equality"
"Voting Rights","Civil Rights & Equality"
"Voting and Civil Rights","Civil Rights & Equality"
"Human Dignity","Civil Rights & Equality"
"LGBTQI+ Issues","Civil Rights & Equality"
"LGBTQ+ Rights","Civil Rights & Equality"
"LGBTQ+","Civil Rights & Equality"
"LGBTQI+ Rights","Civil Rights & Equality"
"Diversity and Inclusion","Civil Rights & Equality"
"Minority Issues","Civil Rights & Equality"
"Native Americans","Civil Rights & Equality"
"Native Hawaiians","Civil Rights & Equality"
"Indian Affairs","Civil Rights & Equality"
"Gender Equity","Civil Rights & Equality;Women's Issues"
"Women's Economic Empowerment","Women's Issues;Economy & Jobs"
"Working for Women","Women's Issues"
"Women's Rights","Women's Issues"
"Women","Women's Issues"
"Women's Economic Agenda","Women's Issues;Economy & Jobs"
"Women's Issues","Women's Issues"
"Seniors","Seniors & Retirement"
"Senior Citizens","Seniors & Retirement"
"Seniors Issues","Seniors & Retirement"
"Social Security and Medicare","Seniors & Retirement"
"Social Security","Seniors & Retirement"
"Child and Long-Term Care","Seniors & Retirement;Children & Families"
"Housing","Housing"
"Affordable Housing","Housing"
"Housing and Homelessness","Housing"
"Appropriations","Taxes & Budget"
"Appropriations and Budget","Taxes & Budget"
"Appropriations & Budget","Taxes & Budget"
"Budget","Taxes & Budget"
"Federal Budget","Taxes & Budget"
"Fiscal Responsibility","Taxes & Budget"
"Fiscal Accountability","Taxes & Budget"
"Fiscal Policy","Taxes & Budget"
"Balancing the Budget","Taxes & Budget"
"Budget and Spending","Taxes & Budget"
"Budget & Fiscal Responsibility","Taxes & Budget"
"Budget and Fiscal Responsibility","Taxes & Budget"
"Tax Relief","Taxes & Budget"
"Taxes","Taxes & Budget"
"Tax Reform","Taxes & Budget"
"Tax Policy","Taxes & Budget"
"Taxation & IRS","Taxes & Budget"
"Federal Spending","Taxes & Budget"
"Federal Spending and Government Transparency","Taxes & Budget;Government Reform & Oversight"
"FY24 Community Project Funding","Taxes & Budget"
"FY23 Community Project Funding","Taxes & Budget"
"Spending & Debt","Taxes & Budget"
"Inflation","Economy & Jobs"
"Taxes and Economy","Taxes & Budget;Economy & Jobs"
"Economy and Tax Reform","Economy & Jobs;Taxes & Budget"
"Federal Budget, Jobs, & the Economy","Taxes & Budget;Economy & Jobs"
"Federal Budget, Appropriations, & Taxes","Taxes & Budget"
"Economy, Jobs & Taxes","Economy & Jobs;Taxes & Budget"
"Economy & Fiscal Responsibility","Economy & Jobs;Taxes & Budget"
"Tariffs, Trade and Taxes","Trade;Taxes & Budget"
"Tax Reform, Small Business, & The Economy","Taxes & Budget;Small Business;Economy & Jobs"
"Economy, Financial Services, & Trade","Economy & Jobs;Financial Services & Consumer Protection;Trade"
"Trade","Trade"
"Labor","Labor & Workers"
"Federal Employees","Labor & Workers"
"Labor and Workforce","Labor & Workers"
"Blue Collar Jobs","Labor & Workers"
"Consumer Protection","Financial Services & Consumer Protection"
"Protecting Consumers","Financial Services & Consumer Protection"
"Financial Services","Financial Services & Consumer Protection"
"Protecting Consumers and Wall Street Reform","Financial Services & Consumer Protection"
"Protecting Consumers, Taxpayers, and the Economy","Financial Services & Consumer Protection;Economy & Jobs"
"Financial Services & Economy","Financial Services & Consumer Protection;Economy & Jobs"
"Financial Services and Consumer Protection","Financial Services & Consumer Protection"
"Economic Security and Financial Services","Economy & Jobs;Financial Services & Consumer Protection"
"Free Markets","Economy & Jobs"
"Oversight","Government Reform & Oversight"
"Government Reform","Government Reform & Oversight"
"Government Accountability","Government Reform & Oversight"
"Government Oversight","Government Reform & Oversight"
"Government Oversight & Ethics","Government Reform & Oversight"
"Government Transparency","Government Reform & Oversight"
"Government Efficiency","Government Reform & Oversight"
"Better Government","Government Reform & Oversight"
"Making Government Work","Government Reform & Oversight"
"Oversight & Accountability","Government Reform & Oversight"
"Oversight and Accountability","Government Reform & Oversight"
"Accountability","Government Reform & Oversight"
"Limited Government","Government Reform & Oversight"
"Regulations and Oversight","Government Reform & Oversight"
"Reforming Congress","Government Reform & Oversight"
"Government Operations & Small Business","Government Reform & Oversight;Small Business"
"Postal Service Issues","Government Reform & Oversight"
"Oversight of the Trump administration","Government Reform & Oversight"
"Judiciary","Crime & Justice"
"Public Safety","Crime & Justice"
"Law and Order","Crime & Justice"
"Law Enforcement","Crime & Justice"
"Rule of Law","Crime & Justice"
"Justice & Court Reform","Crime & Justice"
"Crime & Law Enforcement","Crime & Justice"
"Crime","Crime & Justice"
"Criminal Justice","Crime & Justice"
"Criminal (In)Justice","Crime & Justice"
"Law Enforcement & Public Safety","Crime & Justice"
"Public Safety and Quality of Life","Crime & Justice"
"Constitutional Issues","Crime & Justice"
"Broadband","Technology & Broadband"
"Technology","Technology & Broadband"
"Big Tech","Technology & Broadband"
"Data Centers","Technology & Broadband"
"Broadband and Rural Connectivity","Technology & Broadband"
"Innovation and Technology","Technology & Broadband;Science & Innovation"
"Science and Innovation","Science & Innovation"
"Science and Technology","Science & Innovation;Technology & Broadband"
"Innovation","Science & Innovation"
"Small Business","Small Business"
"Small Business and Entrepreneurship","Small Business"
"Small Businesses","Small Business"
"Children and Families","Children & Families"
"Family Values","Children & Families"
"Faith and Family","Children & Families"
"Working Families","Children & Families"
"Working Families and Children","Children & Families"
"Disaster Relief and Recovery","Disaster & Emergency"
"Wildfire Recovery and Prevention","Disaster & Emergency"
"Disaster & Emergency Preparedness","Disaster & Emergency"
"FEMA","Disaster & Emergency"
"Merrimack Valley Gas Explosions","Disaster & Emergency"
"Addressing the Opioid Crisis","Drugs & Opioids;Public Health"
"COVID-19","Public Health"
"Coronavirus","Public Health"
"Food, Drug, and Medical Device Safety","Public Health"
"Ending Hunger and Poverty","Economy & Jobs"
"Eradicating Poverty","Economy & Jobs"
"Rural Communities","Agriculture"
"Rural Development","Agriculture"
"Fisheries","Oceans & Fisheries"
"Working Waterfronts","Oceans & Fisheries"
"Maine's Heritage Industries","Oceans & Fisheries;Agriculture"
"Congress","DROP"
"Articles","DROP"
"Memphis","DROP"
"9th District","DROP"
"Local Issues","DROP"
"Shelby County","DROP"
"Tennessee","DROP"
"News Releases","DROP"
"News Article","DROP"
"Congressional Issues","DROP"
"Financial Services Committee","DROP"
"General","DROP"
"issues","DROP"
"Blog Posts","DROP"
"New Jersey","DROP"
"Town Halls","DROP"
"Federal Funding","DROP"
"Local","DROP"
"Weekly Capitol Report","DROP"
"Delivering for Oregon","DROP"
"Op-Eds and Blogs","DROP"
"Values","DROP"
"Building Our Communities","DROP"
"Grants","DROP"
"Millington","DROP"
"Delivering Results","DROP"
"Project Requests","DROP"
"Accomplishments","DROP"
"Legislation","DROP"
"Red Hill","DROP"
"Trump Opposition","DROP"
"Conservative Values","DROP"
"Bipartisan Actions","DROP"
"What Rep. Flood is doing in Congress","DROP"
"43rd District","DROP"
"Other/Miscellaneous","DROP"
"Weekly Newsletter","DROP"
"Wisconsin Events","DROP"
"Seapower and Projection Forces Subcommittee","DROP"
"Videos","DROP"
"Congressman Larson's Committees","DROP"
"Trump","DROP"
"Hampton Roads & the Eastern Shore","DROP"
"Rep. Roy's Pledge to Texas 21","DROP"
"Government","DROP"
"Letter","DROP"
"Eastern Connecticut","DROP"
"Southwest","DROP"
"Newsletters","DROP"
"Miscellaneous","DROP"
"Chicago","DROP"
"New York and Our Neighborhoods","DROP"
"NoVA","DROP"
"Puerto Rico","DROP"
"Insular Areas","DROP"
"Statewide","DROP"
"Culture","DROP"
"Standing up for Local Communities","DROP"
"Making Government Work for Kansans","Government Reform & Oversight"
"My Work on the Appropriations Committee","DROP"
"Daines' Work on Coronavirus","Public Health"
"Committee Work","DROP"
"Show Featured","DROP"
"What Rep. Flood is doing to grow America’s economy","Economy & Jobs"
"Standing Up to Trump and ‘DOGE’","DROP"
"Auto Industry","Economy & Jobs"
"Defending Democracy","Civil Rights & Equality;Government Reform & Oversight"
"Democracy","Civil Rights & Equality;Government Reform & Oversight"
"Individual Freedom","Civil Rights & Equality"
"Ways & Means","Taxes & Budget"
"Judiciary Committee","Crime & Justice"
